Station Name,Station Address
Police Station- Cantonment,"Benwells Road, Sangillyandapuram, Trichy, Tamil Nadu, India- 620001"
Police Station- Palakkarai,"Palakkarai, Trichy, Tamil Nadu, India- 620001"
Police Station- Thillai Nagar,"Thillai Nagar, Trichy, Tamil Nadu, India- 620003"
Women Police Station,"Lalkudi, Trichy, Tamil Nadu, India- 621729"
Police Station- Thuvakudi,"Thanjavur Road, Thuvakudi, Trichy, Tamil Nadu, India- 620015"
Police Station- Ramji Nagar,"Ramji Nagar, Trichy, Tamil Nadu, India- 620009"
Police Station- Pettavaithalai,"Pettavaithalai, Trichy, Tamil Nadu, India- 639112"
Police Station- Manikandam,"Manikandam, Trichy, Tamil Nadu, India- 620051"
Police Station- Manachanallur,"Manachanallur, Trichy, Tamil Nadu, India- 621005"
Police Station- Fort,"Town Hall, Near Taluk Office, Rock Fort, Tiruchirapalli, Tamil Nadu, India- 620002"
Police Station- Srirangam,"Amma Mantapam Road, Srirangam, Trichy, Tamil Nadu, India- 620002"
Police Station- Lalgudi,"Lalgudi, Trichy, Tamil Nadu, India- 621601"
Police Station- Siruganur,"Siruganur, Trichy, Tamil Nadu, India- 621105"
Police Station- Senthaneerpuram,"Senthaneerpuram, Trichy, Tamil Nadu, India- 620004"
Police Station- Samayapuram,"Samayapuram, Trichy, Tamil Nadu, India- 621112"
Police Station- Kattupputhur,"Kattupputhur, Trichy, Tamil Nadu, India- 621207"
Police Station- Jeeyapuram,"Jeeyapuram, Trichy, Tamil Nadu, India- 620001"
Police Station- Inamkulathur,"Inamkulathur, Trichy, Tamil Nadu, India- 621303"
Police Station- Government Hospital,"Government Hospital, Trichy, Tamil Nadu, India- 620007"
Police Station- Gandhi Market,"Gandhi Market Police Station, Trichy, Tamil Nadu, India- 621001"
Police Station- Edamalaipatty Pudur,"Edamalaipatty, Pudur, Trichy, Tamil Nadu, India- 620012"
Police Station- C.B.C.I.D,"No.2, Near Jamal Mohamed College, Khaja Main Street, Trichy, Tamil Nadu, India- 620020"
Police Station- Ariyamangalam,"Ariyamangalam, Trichy, Tamil Nadu, India- 620001"
Police Station- Somarasampettai,"1/104, Near St.Joseph School, Somarasampettai, Trichy, Tamil Nadu, India- 620102"
Police Station- Navalpattu,"Near OFT Factory, Anna Nagar, Trichy, Tamil Nadu, India- 620013"
Police Station- Ponmalai Railway Station,"Ponmalai Railway Station Road, Ponmalaipatti, Trichy, Tamil Nadu, India- 620001"
Police Station- Woraiyur,"No: 24, Near Vekkali Amman Koil, Woraiyur, Trichy, Tamil Nadu, India- 620003"
Police Station- Fort,"Town Hall, Near Taluk Office, Rock Fort, Trichy, Tamil Nadu, India- 620002"
Police Station- Airport,"Tiruchirapalli Airport, Pudukottai Cross Road, Trichy, Tamil Nadu, India- 620007"
